,title,year,amazon_prime_url
0,"The Good, the Bad and the Ugly",1966,https://www.amazon.com/gp/video/detail/B0011XBLUS
1,The Pianist,2002,https://www.amazon.com/gp/video/detail/B084TMR3XK
2,The Avengers,2012,https://www.amazon.com/gp/video/detail/B008NCSZQ8
3,3 Idiots,2009,https://www.amazon.com/gp/video/detail/B07V7T25QS
4,Once Upon a Time in the West,1968,https://www.amazon.com/gp/video/detail/B07YMSH52P
5,It's a Wonderful Life,1946,https://www.amazon.com/gp/video/detail/B07JMZ4HVH
6,Downfall,2004,https://www.amazon.com/gp/video/detail/B07TJ26FVJ
7,Sunset Boulevard,1950,https://www.amazon.com/gp/video/detail/B07VRF8CMZ
8,The Great Escape,1963,https://www.amazon.com/gp/video/detail/B000IZ0WQ4
9,Warrior,2011,https://www.amazon.com/gp/video/detail/B008Y6QZ56
10,Some Like It Hot,1959,https://www.amazon.com/gp/video/detail/B00477MY1K
11,The Handmaiden,2016,https://www.amazon.com/gp/video/detail/B0751JGSCT
12,Rosemary's Baby,1968,https://www.amazon.com/gp/video/detail/B07YVKJ64Q
13,The Kid,1921,https://www.amazon.com/gp/video/detail/B0010WF6K6
14,Amores Perros,2000,https://www.amazon.com/gp/video/detail/B0865HMNHC
15,Roman Holiday,1953,https://www.amazon.com/gp/video/detail/B084NR64RB
16,Short Term 12,2013,https://www.amazon.com/gp/video/detail/B0794S4BCS
17,Diabolique,1955,https://www.amazon.com/gp/video/detail/B076HWJZVM
18,Dear Zachary: A Letter to a Son About His Father,2008,https://www.amazon.com/gp/video/detail/B00MF5LH46
19,The General,1926,https://www.amazon.com/gp/video/detail/B01LAQP4IK
20,A Trip to the Moon,1902,https://www.amazon.com/gp/video/detail/B07DPF8HJV
21,The Cabinet of Dr. Caligari,1920,https://www.amazon.com/gp/video/detail/B004W7C5CI
22,Stop Making Sense,1984,https://www.amazon.com/gp/video/detail/B079Z8W4V5
23,Temple Grandin,2010,https://www.amazon.com/gp/video/detail/B009MEEZXI
24,Stalag 17,1953,https://www.amazon.com/gp/video/detail/B07VBFV8FL
25,The Act of Killing,2012,https://www.amazon.com/gp/video/detail/B07DYJNM8F
26,The Man Who Shot Liberty Valance,1962,https://www.amazon.com/gp/video/detail/B0844H5RXW
27,Paradise Lost: The Child Murders at Robin Hood Hills,1996,https://www.amazon.com/gp/video/detail/B00B15NE7O
28,Chak De! India,2007,https://www.amazon.com/gp/video/detail/B06WWK52PS
29,Tumbbad,2018,https://www.amazon.com/gp/video/detail/B07KPLZB1T
30,3-Iron,2004,https://www.amazon.com/gp/video/detail/B087J1YM4J
31,Samsara,2011,https://www.amazon.com/gp/video/detail/B00AYQNOU8
32,Queen,2013,https://www.amazon.com/gp/video/detail/B06XZRD7KT
33,For Sama,2019,https://www.amazon.com/gp/video/detail/B083Q3XPZC
34,Sweet Smell of Success,1957,https://www.amazon.com/gp/video/detail/B086RC6XN3
35,The Square,2013,https://www.amazon.com/gp/video/detail/B07BJLKGCT
36,The Last Waltz,1978,https://www.amazon.com/gp/video/detail/B07JR4R8N5
37,The Look of Silence,2014,https://www.amazon.com/gp/video/detail/B084GCXYWG
38,Fiddler on the Roof,1971,https://www.amazon.com/gp/video/detail/B001EYK16Y
39,My Man Godfrey,1936,https://www.amazon.com/gp/video/detail/B001L4I952
40,Sholay,1975,https://www.amazon.com/gp/video/detail/B07WWDDRLW
41,Fitzcarraldo,1982,https://www.amazon.com/gp/video/detail/B07CHTNZTS
42,Paradise Lost 3: Purgatory,2011,https://www.amazon.com/gp/video/detail/B00B4HGD68
43,Long Strange Trip,2017,https://www.amazon.com/gp/video/detail/B07JK216VV
44,K.G.F: Chapter 1,2018,https://www.amazon.com/gp/video/detail/B07N76ZBHX
45,Mahanati,2018,https://www.amazon.com/gp/video/detail/B07DXP6JJJ
46,The Snowman,1982,https://www.amazon.com/gp/video/detail/B00R62KU0A
47,Gleason,2016,https://www.amazon.com/gp/video/detail/B01LR3YCY8
48,Tom Petty and the Heartbreakers: Runnin' Down a Dream,2007,https://www.amazon.com/gp/video/detail/B07JYBX7MD
49,White Light/Black Rain: The Destruction of Hiroshima and Nagasaki,2007,https://www.amazon.com/gp/video/detail/B00KGRL1IM
50,Shoeshine,1946,https://www.amazon.com/gp/video/detail/B07DD2F6K2
51,Pyaasa,1957,https://www.amazon.com/gp/video/detail/B07HMHXMHH
52,Kannathil Muthamittal,2002,https://www.amazon.com/gp/video/detail/B00W7EWADW
53,Emmet Otter's Jug-Band Christmas,1977,https://www.amazon.com/gp/video/detail/B07WNKFC1H
54,Ugly,2013,https://www.amazon.com/gp/video/detail/B07MBP5S63
55,Andy Irons: Kissed by God,2018,https://www.amazon.com/gp/video/detail/B07H5Q9RPK
56,Alive Inside,2014,https://www.amazon.com/gp/video/detail/B079Y284F5
57,The Mountain II,2016,https://www.amazon.com/gp/video/detail/B074T5RJKL
58,Dilwale Dulhania Le Jayenge,1995,https://www.amazon.com/gp/video/detail/B00ZEXXV7W
59,Why We Fight,2005,https://www.amazon.com/gp/video/detail/B088PVB7ZX
60,Blood Brother,2013,https://www.amazon.com/gp/video/detail/B07H9ZVVMJ
61,Bones Brigade: An Autobiography,2012,https://www.amazon.com/gp/video/detail/B01M18Q8BB
62,Cries from Syria,2017,https://www.amazon.com/gp/video/detail/B087792MYY
63,Sign 'o' The Times,1987,https://www.amazon.com/gp/video/detail/B076CS3FHP
64,I Am Kalam,2010,https://www.amazon.com/gp/video/detail/B07L8HL4YZ
65,Wait for Your Laugh,2017,https://www.amazon.com/gp/video/detail/B07CSJ9TVF
66,Mr. Calzaghe,2015,https://www.amazon.com/gp/video/detail/B07MMT2QDL
67,My Sassy Girl,2001,https://www.amazon.com/gp/video/detail/B00DUYH60U
68,Home,2009,https://www.amazon.com/gp/video/detail/B06XCB77MJ
69,Andaz Apna Apna,1994,https://www.amazon.com/gp/video/detail/B07L7BGYM9
70,The English Surgeon,2009,https://www.amazon.com/gp/video/detail/B004BUB3E2
71,Love on a Leash,2011,https://www.amazon.com/gp/video/detail/B00ZJERCSA
72,The Sopranos,1999,https://www.amazon.com/gp/video/detail/B01IUQPIAM
73,Anand,1971,https://www.amazon.com/gp/video/detail/B07LDDZ163
74,Louis C.K.: Shameless,2007,https://www.amazon.com/gp/video/detail/B00KGJRAZ8
75,Mike Birbiglia: My Girlfriend's Boyfriend,2013,https://www.amazon.com/gp/video/detail/B07N16KGGF
76,Chupke Chupke,1975,https://www.amazon.com/gp/video/detail/B07P15XJJV
77,Gol Maal,1979,https://www.amazon.com/gp/video/detail/B07QHD6W5N
78,Empire of Dreams: The Story of the Star Wars Trilogy,2004,https://www.amazon.com/gp/video/detail/B07HGKW79P
79,Valley Uprising,2014,https://www.amazon.com/gp/video/detail/B01M7UF9RQ
80,Theeran Adhigaaram Ondru,2017,https://www.amazon.com/gp/video/detail/B078HWK2TH
81,Hitting the Apex,2015,https://www.amazon.com/gp/video/detail/B01INWIFWG
82,Jigarthanda,2014,https://www.amazon.com/gp/video/detail/B07P5H7QC3
83,Crossing Arizona,2006,https://www.amazon.com/gp/video/detail/B07BR3DBGR
84,Arjun Reddy,2017,https://www.amazon.com/gp/video/detail/B076MLS7VZ
85,Aruvi,2017,https://www.amazon.com/gp/video/detail/B07F3M8RCP
86,Rangasthalam,2018,https://www.amazon.com/gp/video/detail/B07CRRG553
87,George Carlin: Back in Town,1996,https://www.amazon.com/gp/video/detail/B00M0DBWE8
88,George Carlin: Jammin' in New York,1992,https://www.amazon.com/gp/video/detail/B002PSXNQS
89,Jaane Bhi Do Yaaro,1983,https://www.amazon.com/gp/video/detail/B07C3H28H1
90,1,2013,https://www.amazon.com/gp/video/detail/B0751Q3J8P
91,George Carlin: You Are All Diseased,1999,https://www.amazon.com/gp/video/detail/B002PSV9EG
92,Honor Flight,2012,https://www.amazon.com/gp/video/detail/B07NDQZD38
93,TransFatty Lives,2015,https://www.amazon.com/gp/video/detail/B07RZ8Z92Z
94,Louis C.K.: Oh My God,2013,https://www.amazon.com/gp/video/detail/B00ZETHL04
95,Hera Pheri,2000,https://www.amazon.com/gp/video/detail/B07PM8N8HV
96,Jeff Dunham: Spark of Insanity,2007,https://www.amazon.com/gp/video/detail/B08736KVQS
97,The Culture High,2014,https://www.amazon.com/gp/video/detail/B00OO3EOJ2
98,Sufna,2020,https://www.amazon.com/gp/video/detail/B086DMHVT3
99,Athadu,2005,https://www.amazon.com/gp/video/detail/B07VXY2CH3
100,An Occurrence at Owl Creek Bridge,1962,https://www.amazon.com/gp/video/detail/B0747TVKKV
101,Bill Hicks: Sane Man,1989,https://www.amazon.com/gp/video/detail/B07LH82MR6
102,Bruce Lee: A Warrior's Journey,2000,https://www.amazon.com/gp/video/detail/B079YLGZTZ
103,George Carlin: Complaints & Grievances,2001,https://www.amazon.com/gp/video/detail/B002PUNOM4
104,The Legend of Bhagat Singh,2002,https://www.amazon.com/gp/video/detail/B07VMKR8F8
105,People of a Feather,2012,https://www.amazon.com/gp/video/detail/B081QYWS9G
106,Roja,1992,https://www.amazon.com/gp/video/detail/B07M5GGHX3
107,George Carlin: Life Is Worth Losing,2005,https://www.amazon.com/gp/video/detail/B00EW6VIOK
108,Padosan,1968,https://www.amazon.com/gp/video/detail/B07M6BM9MV
109,Nayakan,1987,https://www.amazon.com/gp/video/detail/B07MT6C4G6
110,Bawarchi,1972,https://www.amazon.com/gp/video/detail/B07LDDBTSW
111,Style Wars,1983,https://www.amazon.com/gp/video/detail/B07FFG545R
112,Man in Red Bandana,2017,https://www.amazon.com/gp/video/detail/B087Y1PNVT
113,Ankhon Dekhi,2014,https://www.amazon.com/gp/video/detail/B07L38GYLG
114,My Sweet Little Village,1985,https://www.amazon.com/gp/video/detail/B07NRFSZHW
115,George Carlin: It's Bad for Ya!,2008,https://www.amazon.com/gp/video/detail/B002PU6OBM
116,Father of a Soldier,1964,https://www.amazon.com/gp/video/detail/B0786NS1G8
117,George Carlin: Doin' it Again,1990,https://www.amazon.com/gp/video/detail/B002PSVNTW
118,The Good Soldier,2009,https://www.amazon.com/gp/video/detail/B07JJB2CCG
119,Square One,2019,https://www.amazon.com/gp/video/detail/B0888V8FLT
120,Bill Hicks: Revelations,1993,https://www.amazon.com/gp/video/detail/B07N8MJWJG
121,Jim Jefferies: I Swear to God,2009,https://www.amazon.com/gp/video/detail/B007Q35T8M
122,Jeff Dunham: Arguing with Myself,2006,https://www.amazon.com/gp/video/detail/B07Q5CFQRN
123,Awaara,1951,https://www.amazon.com/gp/video/detail/B0813ZHNGH
124,Disorder in the Court,1936,https://www.amazon.com/gp/video/detail/B002KOIIVW
125,Maanagaram,2017,https://www.amazon.com/gp/video/detail/B071L7TL92
126,Coldplay: Live 2003,2003,https://www.amazon.com/gp/video/detail/B07L4YD35L
127,George Carlin: George's Best Stuff,1996,https://www.amazon.com/gp/video/detail/B00M0CL6OU
128,Chhoti Si Baat,1976,https://www.amazon.com/gp/video/detail/B07V8LKK8N
129,Only Old Men Are Going to Battle,1973,https://www.amazon.com/gp/video/detail/B00O70O9U6
130,Kon-Tiki,1950,https://www.amazon.com/gp/video/detail/B000RWAOIY
131,Zakir Khan : Haq Se Single,2017,https://www.amazon.com/gp/video/detail/B073W159N1
132,Hearing Is Believing,2017,https://www.amazon.com/gp/video/detail/B073162RQP
133,Biswa Kalyan Rath : Biswa Mast Aadmi,2017,https://www.amazon.com/gp/video/detail/B0719QJ89L
134,Untamed Romania,2018,https://www.amazon.com/gp/video/detail/B07TTJW22V
135,George Carlin: Playin' with Your Head,1986,https://www.amazon.com/gp/video/detail/B002PUO0TU
136,7 Days in Syria,2015,https://www.amazon.com/gp/video/detail/B07KLJWXMJ
137,Dark Shadows: The Haunting of Collinwood,2009,https://www.amazon.com/gp/video/detail/B008H13U1K
138,Doug Stanhope: No Refunds,2007,https://www.amazon.com/gp/video/detail/B07SQFMCWH
139,The Who: The Kids Are Alright,1979,https://www.amazon.com/gp/video/detail/B07JK13PYZ
140,Michael Jordan: His Airness,1999,https://www.amazon.com/gp/video/detail/B00QZOWDLY
141,The Heart of Man,2017,https://www.amazon.com/gp/video/detail/B082XHKQ4R
142,Kanan Gill: Keep It Real,2017,https://www.amazon.com/gp/video/detail/B07121KNDB
143,Shiva,1990,https://www.amazon.com/gp/video/detail/B07PW6HKR3
144,Vazhakku Enn 18/9,2012,https://www.amazon.com/gp/video/detail/B07WZ1FJMQ
145,Kaagaz Ke Phool,1959,https://www.amazon.com/gp/video/detail/B07L42RLHB
146,Fleetwood Mac: The Dance,1997,https://www.amazon.com/gp/video/detail/B07JHWX35Q
147,"Michael Jordan, Above and Beyond",1996,https://www.amazon.com/gp/video/detail/B00OWQD1Y0
148,Halima's Path,2012,https://www.amazon.com/gp/video/detail/B00X66XH3W
149,Mr 420,1955,https://www.amazon.com/gp/video/detail/B081GKMYVL
150,George Carlin: What Am I Doing in New Jersey?,1988,https://www.amazon.com/gp/video/detail/B00FALO7XA
151,"Inner Worlds, Outer Worlds",2012,https://www.amazon.com/gp/video/detail/B07K5HBZFV
152,Two Acres of Land,1953,https://www.amazon.com/gp/video/detail/B081NX9YVF
153,Peter Gabriel: Secret World Live,1993,https://www.amazon.com/gp/video/detail/B07JRG879K
154,Steven Banks: Home Entertainment Center,1989,https://www.amazon.com/gp/video/detail/B07N14W7QN
155,Madonna: Sticky & Sweet Tour,2010,https://www.amazon.com/gp/video/detail/B07J6BDF59
156,Chalti Ka Naam Gaadi,1958,https://www.amazon.com/gp/video/detail/B07BNYTCTP
157,Reclaiming the Blade,2009,https://www.amazon.com/gp/video/detail/B01MCZQJFP
158,Anukokunda Oka Roju,2005,https://www.amazon.com/gp/video/detail/B07MS9LCTB
159,Mourning Son,2015,https://www.amazon.com/gp/video/detail/B019YRH728
160,Mister Rogers: It's You I Like,2018,https://www.amazon.com/gp/video/detail/B07H7VB22S
161,Michael Jordan: Come Fly with Me,1989,https://www.amazon.com/gp/video/detail/B00OZ2S89O
162,Ovum,2015,https://www.amazon.com/gp/video/detail/B07CVS826P
163,George Carlin: Carlin on Campus,1984,https://www.amazon.com/gp/video/detail/B002PSVGNK
164,Bey Yaar,2014,https://www.amazon.com/gp/video/detail/B07PLL71DQ
165,Tashi and the Monk,2015,https://www.amazon.com/gp/video/detail/B075NN1965
166,Tim Minchin and the Heritage Orchestra: Live at the Royal Albert Hall,2011,https://www.amazon.com/gp/video/detail/B07LFN1NXD
167,If so,2003,https://www.amazon.com/gp/video/detail/B07MLSXFWZ
168,The 25th Anniversary Rock and Roll Hall of Fame Concerts,2009,https://www.amazon.com/gp/video/detail/B077H3SYKG
169,The Rolling Stones: Sweet Summer Sun - Hyde Park Live,2013,https://www.amazon.com/gp/video/detail/B07JYTZDLY
170,Saaransh,1984,https://www.amazon.com/gp/video/detail/B07M9ZMMNN
171,The Monkey King,1964,https://www.amazon.com/gp/video/detail/B01A9MHSP8
172,Escape from Firebase Kate,2015,https://www.amazon.com/gp/video/detail/B019969LZK
173,RWBY: Volume 3,2016,https://www.amazon.com/gp/video/detail/B07DWDY5TS
174,The Christmas Toy,1986,https://www.amazon.com/gp/video/detail/B07ZPFVP1X
175,Amar Prem,1972,https://www.amazon.com/gp/video/detail/B07MP7QX2X
176,The Doors - Live at the Bowl '68,2012,https://www.amazon.com/gp/video/detail/B07JR2M4BJ
177,Carlin at Carnegie,1982,https://www.amazon.com/gp/video/detail/B002PT1FT4
178,Jagte Raho,1956,https://www.amazon.com/gp/video/detail/B081G6L8G5
179,Tomorrow,2019,https://www.amazon.com/gp/video/detail/B07DGN982S
180,Mullum Malarum,1978,https://www.amazon.com/gp/video/detail/B07MLX2KRD
181,"Down, But Not Out!",2015,https://www.amazon.com/gp/video/detail/B00XCMB656
182,The Secret Life of Chaos,2010,https://www.amazon.com/gp/video/detail/B01NH2U3IH
183,Men in the Arena,2017,https://www.amazon.com/gp/video/detail/B06ZZ6LQ69
184,A Dog Named Gucci,2015,https://www.amazon.com/gp/video/detail/B079FDD9QX
185,RWBY: Volume 2,2014,https://www.amazon.com/gp/video/detail/B07BLSRX3C
186,X: The Unheard Music,1986,https://www.amazon.com/gp/video/detail/B078TQFMG6
187,Classic Albums: Iron Maiden - The Number of the Beast,2001,https://www.amazon.com/gp/video/detail/B07JN35Y15
188,The Boy Whose Skin Fell Off,2004,https://www.amazon.com/gp/video/detail/B07HPC7VWM
189,One Million Dubliners,2014,https://www.amazon.com/gp/video/detail/B00VGURLC8
190,Totally Bill Hicks,1994,https://www.amazon.com/gp/video/detail/B07L6SJDCB
191,Alien Boy: The Life and Death of James Chasse,2013,https://www.amazon.com/gp/video/detail/B077NNNJXL
192,Alive Day Memories: Home from Iraq,2007,https://www.amazon.com/gp/video/detail/B00MLY6DMM
193,The Conscientious Objector,2004,https://www.amazon.com/gp/video/detail/B088Q442Q5
194,Baghdad ER,2006,https://www.amazon.com/gp/video/detail/B00KG2QGBY
195,Bounty,2011,https://www.amazon.com/gp/video/detail/B01EBLDVDQ
196,Diana Krall: Live in Paris,2002,https://www.amazon.com/gp/video/detail/B07JLHGNQL
197,Kelly's Hollywood,2015,https://www.amazon.com/gp/video/detail/B07M9X2D5C
198,Finding Family,2013,https://www.amazon.com/gp/video/detail/B079T883D8
199,Tim Minchin: So F**king Rock Live,2008,https://www.amazon.com/gp/video/detail/B07LC3J8YF
200,Lewis Black: Black on Broadway,2004,https://www.amazon.com/gp/video/detail/B007Q34UWS
201,Slaughter Nick for President,2013,https://www.amazon.com/gp/video/detail/B083FDKJPZ
202,Beyond the Myth: A Film About Pit Bulls and Breed Discrimination,2010,https://www.amazon.com/gp/video/detail/B00XZMEW5O
203,The New Public,2012,https://www.amazon.com/gp/video/detail/B00RL9SYW4
204,Michael Jordan: Air Time,1993,https://www.amazon.com/gp/video/detail/B00R9UTDX4
205,A Sister's Call,2012,https://www.amazon.com/gp/video/detail/B07KRSN9HW
206,Blue,2017,https://www.amazon.com/gp/video/detail/B0736D8Y2Y
207,Machine Gun Preacher Documentary,2014,https://www.amazon.com/gp/video/detail/B00LNCM584
208,George Carlin: Personal Favorites,1997,https://www.amazon.com/gp/video/detail/B00F9KIZMQ
209,Bijuli Machine,2016,https://www.amazon.com/gp/video/detail/B07GGCZ9DG
210,Madras,2014,https://www.amazon.com/gp/video/detail/B07QZTT7DK
211,Art of Darkness,2014,https://www.amazon.com/gp/video/detail/B07MDHNK7L
212,Audrey Hepburn: Remembered,1993,https://www.amazon.com/gp/video/detail/B001C38PYM
213,Operation Toussaint: Operation Underground Railroad and the Fight to End Modern Day Slavery,2018,https://www.amazon.com/gp/video/detail/B07MGZPRFR
214,Closure,2013,https://www.amazon.com/gp/video/detail/B07H9RTPS4
215,RWBY: Volume 1,2013,https://www.amazon.com/gp/video/detail/B07BLS1BKX
216,The Soul of Success: The Jack Canfield Story,2017,https://www.amazon.com/gp/video/detail/B0774NX4T9
217,Kshana Kshanam,1991,https://www.amazon.com/gp/video/detail/B07MJ7KWTG
218,Omo Child: The River and the Bush,2015,https://www.amazon.com/gp/video/detail/B076X8KYFN
219,We Are the World: The Story Behind the Song,1985,https://www.amazon.com/gp/video/detail/B082VBKR3W
220,Roadmap to Apartheid,2012,https://www.amazon.com/gp/video/detail/B079W23BL7
221,When a City Falls,2011,https://www.amazon.com/gp/video/detail/B078SNWRQ9
222,Cycle,2018,https://www.amazon.com/gp/video/detail/B074TJY631
223,The Weekend Sailor,2016,https://www.amazon.com/gp/video/detail/B01MU7T5WD
224,Fabulous Frogs,2014,https://www.amazon.com/gp/video/detail/B00LSEKPO8
225,Calamity Jane: Légende de l'Ouest,2014,https://www.amazon.com/gp/video/detail/B01MUAA6PR
226,Impact After the Crash,2013,https://www.amazon.com/gp/video/detail/B06X6K7KMH
227,The Creators,2012,https://www.amazon.com/gp/video/detail/B00TG1TFZU
228,Fools on the Hill,2012,https://www.amazon.com/gp/video/detail/B01HSTE7E0
229,The Coexist Comedy Tour,2012,https://www.amazon.com/gp/video/detail/B075G42VN9
230,Lost Kites,2016,https://www.amazon.com/gp/video/detail/B07JH5SRN3
231,BLUE,2015,https://www.amazon.com/gp/video/detail/B0736DVVGC
232,Memories 677,2011,https://www.amazon.com/gp/video/detail/B077QTRQJN
233,Mumbai Pune Mumbai,2010,https://www.amazon.com/gp/video/detail/B086TVHMQZ
234,Arise,2013,https://www.amazon.com/gp/video/detail/B01DFQASK2
235,Grateful Dead: Dead Ahead,1981,https://www.amazon.com/gp/video/detail/B071ZPGTDZ
236,ZZ Top – Live from Texas,2008,https://www.amazon.com/gp/video/detail/B07JYJGXPM
237,Most Valuable Players,2009,https://www.amazon.com/gp/video/detail/B07NJ749N9
238,Brad Williams: Fun Size,2015,https://www.amazon.com/gp/video/detail/B06XSQQVLH
239,Men Of The Cloth,2014,https://www.amazon.com/gp/video/detail/B0732HVRXD
240,Gamechangers: Dreams of BlizzCon,2018,https://www.amazon.com/gp/video/detail/B07CSTQQ4F
241,Stronger Than Bullets,2017,https://www.amazon.com/gp/video/detail/B07GNVSPGY
242,Naya Daur,1957,https://www.amazon.com/gp/video/detail/B07V39LM2P
243,Where's Daddy?,2017,https://www.amazon.com/gp/video/detail/B078YXZ493
244,5 Seconds of Summer,2014,https://www.amazon.com/gp/video/detail/B00R4MUMZU
245,Autopsy 6: Secrets of the Dead,1999,https://www.amazon.com/gp/video/detail/B00KG2U2OG
246,Slugterra: Slug Fu Showdown,2015,https://www.amazon.com/gp/video/detail/B075GXXFL7
247,The Green Girl,2014,https://www.amazon.com/gp/video/detail/B07GTK8Z8W
248,Tovarisch I Am Not Dead,2008,https://www.amazon.com/gp/video/detail/B009D3C17A
249,Walwal,2018,https://www.amazon.com/gp/video/detail/B07JMK5NQK
250,SS United States: Lady in Waiting,2008,https://www.amazon.com/gp/video/detail/B014NN1DR8
251,Fetish,2010,https://www.amazon.com/gp/video/detail/B07YNZKDQQ
252,Jake Shimabukuro: Life on Four Strings,2012,https://www.amazon.com/gp/video/detail/B00D122WXM
253,Apollo 13: To the Edge and Back,1994,https://www.amazon.com/gp/video/detail/B00HNMMJKW
254,Finding Home,2014,https://www.amazon.com/gp/video/detail/B07DTYYGJZ
255,Into The Fire,2006,https://www.amazon.com/gp/video/detail/B07RK5C47M
256,Black Jack Pershing: Love and War,2017,https://www.amazon.com/gp/video/detail/B07D1KTLTZ
257,Frank Sinatra: A Man and His Music + Ella + Jobim,1967,https://www.amazon.com/gp/video/detail/B07JLGTPSX
258,GI Jews: Jewish Americans in World War II,2018,https://www.amazon.com/gp/video/detail/B07C2F8RP7
259,The Jones Family Will Make a Way,2015,https://www.amazon.com/gp/video/detail/B014F4MBOO
260,Autopsy: Confessions of a Medical Examiner,1994,https://www.amazon.com/gp/video/detail/B00KGRI6DU
261,The Other Kids,2016,https://www.amazon.com/gp/video/detail/B01JHS34ZI
262,I Am Hardwell,2013,https://www.amazon.com/gp/video/detail/B07FW6JXTN
263,The King's Highway,2016,https://www.amazon.com/gp/video/detail/B074795KD7
264,Spectrum: A Story of the Mind,2016,https://www.amazon.com/gp/video/detail/B01FRFVN1M
265,Leslie Jordan: My Trip Down the Pink Carpet,2010,https://www.amazon.com/gp/video/detail/B0052XAFIM
266,Weaving the Past: Journey of Discovery,2014,https://www.amazon.com/gp/video/detail/B016E2FC78
267,Chashme Buddoor,1981,https://www.amazon.com/gp/video/detail/B0813WPVDD
268,Physical Graffiti: A Classic Album Under Review,2008,https://www.amazon.com/gp/video/detail/B079Y33NGF
269,The Belle of Amherst,1976,https://www.amazon.com/gp/video/detail/B07FLB6542
270,Yellow Colt,2014,https://www.amazon.com/gp/video/detail/B06XG3RX4V
271,Classic Albums: Frank Zappa - Apostrophe (') Over-Nite Sensation,2007,https://www.amazon.com/gp/video/detail/B07JNVM6JZ
272,Living Proof,2017,https://www.amazon.com/gp/video/detail/B07D7PF9HR
273,The Legend of Pancho Barnes and the Happy Bottom Riding Club,2009,https://www.amazon.com/gp/video/detail/B01E7V19RU
274,The Science Of Fasting,2013,https://www.amazon.com/gp/video/detail/B07586WBDK
275,Mama’s Girl,2018,https://www.amazon.com/gp/video/detail/B07BLMJ6DZ
276,Shadow Nation,2015,https://www.amazon.com/gp/video/detail/B079N4MLDL
277,Grateful Dead: Truckin Up to Buffalo,1989,https://www.amazon.com/gp/video/detail/B072M4WC6Q
278,Vincent,1981,https://www.amazon.com/gp/video/detail/B01B6PFYYE
279,The Dolls of Lisbon,2011,https://www.amazon.com/gp/video/detail/B07FDW1266
280,The Coconut Revolution,2000,https://www.amazon.com/gp/video/detail/B01N9YWP1G
281,Frank Sinatra: Concert for the Americas,1982,https://www.amazon.com/gp/video/detail/B07JMYRQP2
282,Buddy Hackett Live and Uncensored,1983,https://www.amazon.com/gp/video/detail/B07LCGNTZ4
283,Ojukokoro (Greed),2016,https://www.amazon.com/gp/video/detail/B07KCJJMZ9
284,Beneath the Helmet,2014,https://www.amazon.com/gp/video/detail/B07F7N28VX
285,Classic Albums: Rush - 2112 & Moving Pictures,2010,https://www.amazon.com/gp/video/detail/B07JYC1S3V
286,Jesus Fish,2008,https://www.amazon.com/gp/video/detail/B07MB6WPRG
287,First Flight: A Mother Hummingbird's Story,2009,https://www.amazon.com/gp/video/detail/B06ZZMXJCY
288,The Medicine Game,2014,https://www.amazon.com/gp/video/detail/B01M0R9UG2
289,Jogwa - The Awakening,2009,https://www.amazon.com/gp/video/detail/B07ML4R4W5
290,Freak,2011,https://www.amazon.com/gp/video/detail/B01LYXMI1W
291,Abel's Island,1988,https://www.amazon.com/gp/video/detail/B07DHYLQ6F
292,When the Bough Breaks: A Documentary About Postpartum Depression,2017,https://www.amazon.com/gp/video/detail/B06XDQZ5SC
293,Beyond the Summits,2009,https://www.amazon.com/gp/video/detail/B07J259LKD
294,Run Baby Run,1998,https://www.amazon.com/gp/video/detail/B07611TXJ2
295,Devdas,1955,https://www.amazon.com/gp/video/detail/B081S85Z93
296,Bad Blood: A Cautionary Tale,2010,https://www.amazon.com/gp/video/detail/B00E97QUZE
297,The Two Thieves,2014,https://www.amazon.com/gp/video/detail/B00VTHTMMA
298,Street Dogs of South Central,2013,https://www.amazon.com/gp/video/detail/B07ZVLVX2Z
299,Butterflies,2009,https://www.amazon.com/gp/video/detail/B07WK4GCSL
300,Adolf Hitler: Pure Evil,2016,https://www.amazon.com/gp/video/detail/B01HIXIRFG
301,Needle Through Brick,2009,https://www.amazon.com/gp/video/detail/B07RSDXQ11
302,Lincoln@Gettysburg,2013,https://www.amazon.com/gp/video/detail/B00IM8ZZIE
303,C. H. Spurgeon: The People's Preacher,2009,https://www.amazon.com/gp/video/detail/B075GWVD43
304,True Appaloosa,2015,https://www.amazon.com/gp/video/detail/B079MKCRLC
305,Daisy,2016,https://www.amazon.com/gp/video/detail/B07M9CVQLB
306,Finding Hillywood,2013,https://www.amazon.com/gp/video/detail/B07BVHGMZ5
307,Ninah's Dowry,2012,https://www.amazon.com/gp/video/detail/B00X7JFMFY
308,Get the Picture,2012,https://www.amazon.com/gp/video/detail/B00NE3F5M8
309,Bernadette,2012,https://www.amazon.com/gp/video/detail/B00F91FMLW
310,A Fall from Freedom,2011,https://www.amazon.com/gp/video/detail/B0741D8157
311,Poultry in Motion: Truth Is Stranger Than Chicken,2008,https://www.amazon.com/gp/video/detail/B014F4O0GQ
312,Devo: Hardcore Live!,2015,https://www.amazon.com/gp/video/detail/B07CJXN9RN
313,Lord Montagu,2013,https://www.amazon.com/gp/video/detail/B00ZTWWQE2
314,Ghosts of the West: The End of the Bonanza Trail,2012,https://www.amazon.com/gp/video/detail/B07BZS85FD
315,The Sixth Man: Bluesanity,2013,https://www.amazon.com/gp/video/detail/B00STYL8PA
316,Blood Relative,2012,https://www.amazon.com/gp/video/detail/B081TJHHN6
317,Richard Jeni: Platypus Man,1995,https://www.amazon.com/gp/video/detail/B07M7PWVR7
318,Brittown,2008,https://www.amazon.com/gp/video/detail/B0035EIORY
319,Gallagher: the Bookkeeper,1985,https://www.amazon.com/gp/video/detail/B07LGH6Z31
320,Facing Mecca,2017,https://www.amazon.com/gp/video/detail/B07LGJPF63
321,Engrams,2017,https://www.amazon.com/gp/video/detail/B06X6N9BXW
322,Sleeping Giant: An Indian Football Story,2013,https://www.amazon.com/gp/video/detail/B079HGPRC5
323,Lakay,2014,https://www.amazon.com/gp/video/detail/B00ULYW2NS
324,Led Zeppelin: The Origin of the Species,2006,https://www.amazon.com/gp/video/detail/B07BYNX5LR
325,Diana Krall - Live in Rio,2009,https://www.amazon.com/gp/video/detail/B07JMQMKVD
326,One Night Stand,2013,https://www.amazon.com/gp/video/detail/B07CT6KKMY
327,A Life Among Whales,2005,https://www.amazon.com/gp/video/detail/B07FBN6T4L
328,The Lost World of Mr. Hardy,2009,https://www.amazon.com/gp/video/detail/B01HITMSLE
329,Yes: Symphonic Live,2011,https://www.amazon.com/gp/video/detail/B07JY9F3G9
330,Going on 13,2007,https://www.amazon.com/gp/video/detail/B07BDPYB23
331,Ronald Reagan: An American Journey,2011,https://www.amazon.com/gp/video/detail/B07Z1J447G
332,Song of the South: Duane Allman and the Birth of the Allman Brothers Band,2013,https://www.amazon.com/gp/video/detail/B07M6GS2ST
333,The Rebound,2016,https://www.amazon.com/gp/video/detail/B07V3TSWYW
334,Wyeth,2018,https://www.amazon.com/gp/video/detail/B07GWCQJ5C
335,8 Wheels & Some Soul Brotha' Music,2003,https://www.amazon.com/gp/video/detail/B07K3Z8BHD
336,Forgotten,2016,https://www.amazon.com/gp/video/detail/B06XCDR9Y3
337,Del Shores: Sordid Confessions,2012,https://www.amazon.com/gp/video/detail/B016VEHN4Y
338,Slednecks 13,2010,https://www.amazon.com/gp/video/detail/B07VMTDNKY
339,The Long Way Back: The Story of Todd Z-Man Zalkins,2017,https://www.amazon.com/gp/video/detail/B07CKF68V6
340,Making Marines,2002,https://www.amazon.com/gp/video/detail/B071FN4SBV
341,BBOY for LIFE,2012,https://www.amazon.com/gp/video/detail/B00RI8TNFK
342,Life on the V: The Story of V66,2014,https://www.amazon.com/gp/video/detail/B07JFW3T9L
343,Mixed Match,2016,https://www.amazon.com/gp/video/detail/B07GY2WDKV
344,Flakes & Flames,2013,https://www.amazon.com/gp/video/detail/B06ZYMTZ57
345,Local Legends,2013,https://www.amazon.com/gp/video/detail/B07LGG43TW
346,What's On Your Plate?,2009,https://www.amazon.com/gp/video/detail/B07KWDF2BR
347,Elvis: The Memphis Flash,2005,https://www.amazon.com/gp/video/detail/B07BZ154QS
348,Life on Us: A Microscopic Safari,2014,https://www.amazon.com/gp/video/detail/B01LZIWS75
349,Gold Fever,2013,https://www.amazon.com/gp/video/detail/B07CRSGCMJ
350,The Gates of Jerusalem: A History of the Holy City,1998,https://www.amazon.com/gp/video/detail/B0042U4FQO
351,America's Parking Lot,2012,https://www.amazon.com/gp/video/detail/B07YZVMJGR
352,"Love, Concord",2012,https://www.amazon.com/gp/video/detail/B016LO6Z66
353,Re-Imagining Jesus: Discovering the Human Hero,2014,https://www.amazon.com/gp/video/detail/B01N5H8Z1J
354,Liberty & Slavery,2016,https://www.amazon.com/gp/video/detail/B081B9Q8WB
355,The Treasures of Long Gone John,2006,https://www.amazon.com/gp/video/detail/B07SD91DMM
356,Find Your Way: A Busker's Documentary,2014,https://www.amazon.com/gp/video/detail/B00P7Q6RN6
357,Draw Hard,2015,https://www.amazon.com/gp/video/detail/B014Y1U9X8
358,The KGB Connections,1982,https://www.amazon.com/gp/video/detail/B002W7Q5TO
359,The Mountain Runners,2012,https://www.amazon.com/gp/video/detail/B07HPG65GG
360,The Bakken,2017,https://www.amazon.com/gp/video/detail/B07QF12NT7
361,Brother Number One,2011,https://www.amazon.com/gp/video/detail/B07C1DSPD3
362,What Matters?,2011,https://www.amazon.com/gp/video/detail/B07KMM767F
363,Coexist,2010,https://www.amazon.com/gp/video/detail/B07DVB2XQ5
364,Prisoner Number A26188: Surviving Auschwitz,2015,https://www.amazon.com/gp/video/detail/B01MQWKT1U
365,Mahjong and the West,2014,https://www.amazon.com/gp/video/detail/B018J0686M
366,Swift. Silent. Deep.,2009,https://www.amazon.com/gp/video/detail/B07Y5FN5H5
367,The Bus,2012,https://www.amazon.com/gp/video/detail/B07NPXNM42
368,Along Recovery,2012,https://www.amazon.com/gp/video/detail/B00GDF78OM
369,Whittle: The Jet Pioneer,2012,https://www.amazon.com/gp/video/detail/B079H7TTTT
370,Call for Help,2015,https://www.amazon.com/gp/video/detail/B07BS6DR94
371,"The Life, Blood and Rhythm of Randy Castillo",2014,https://www.amazon.com/gp/video/detail/B07DNL1YHR
372,Count Basie At Carnegie Hall,1981,https://www.amazon.com/gp/video/detail/B079TDV467
373,Francis of Brooklyn,2012,https://www.amazon.com/gp/video/detail/B0137HWRJ4
374,Ruby's Studio: the Feelings Show,2010,https://www.amazon.com/gp/video/detail/B00IBCE99M
375,Digital Dissidents,2015,https://www.amazon.com/gp/video/detail/B0779KR962
376,Silent Wings: The American Glider Pilots of WWII,2007,https://www.amazon.com/gp/video/detail/B004S9L6MA
377,Second Chance By Betrayal,2018,https://www.amazon.com/gp/video/detail/B07FYS5RRP
378,High/Low,2011,https://www.amazon.com/gp/video/detail/B072JV5NTT
379,Chasing Wild Horses,2008,https://www.amazon.com/gp/video/detail/B00ESY7D9U
380,Small Small Thing,2013,https://www.amazon.com/gp/video/detail/B07CN8TQ29
381,The 13th Man,2019,https://www.amazon.com/gp/video/detail/B0873ZV8PN
382,Cuban Missile Crisis: Three Men Go to War,2012,https://www.amazon.com/gp/video/detail/B07D62L93Q
383,Breaking: Los Angeles,2013,https://www.amazon.com/gp/video/detail/B0757CV6QX
384,Victori: The Truth Just Can't Be One Thing,2015,https://www.amazon.com/gp/video/detail/B00U7B1IYY
385,TELL HELL I AIN'T COMIN',2005,https://www.amazon.com/gp/video/detail/B002ISVN6M
386,Kumpania,2011,https://www.amazon.com/gp/video/detail/B00D9ZJJLE
387,Black Ballerina,2016,https://www.amazon.com/gp/video/detail/B07HF7YPK4
388,Bible Prophecies,2018,https://www.amazon.com/gp/video/detail/B07DVYGCJN
389,"The Butterfly, the Harp and the Timepiece",2015,https://www.amazon.com/gp/video/detail/B087T7BKHG
390,The Frames: In the Deep Shade,2013,https://www.amazon.com/gp/video/detail/B07G4M3PK4
391,Mekonen: The Journey of an African Jew,2016,https://www.amazon.com/gp/video/detail/B07KFZHMDC
392,David Bromberg: Unsung Treasure,2012,https://www.amazon.com/gp/video/detail/B00IT4DJ3Y
393,HEART: Flatline to Finish Line,2016,https://www.amazon.com/gp/video/detail/B01N16KY6X
394,The Last Flight of Petr Ginz,2012,https://www.amazon.com/gp/video/detail/B010D2BRBU
395,Stem Cell Revolutions,2011,https://www.amazon.com/gp/video/detail/B00JY3CUIY
396,The Angry Brigade: The Spectacular Rise and Fall of Britain's First Urban Guerilla Group,1973,https://www.amazon.com/gp/video/detail/B0794VLH1G
397,The Busy Little Engine,2005,https://www.amazon.com/gp/video/detail/B000RWAVEQ
398,Help Us Find Sunil Tripathi,2015,https://www.amazon.com/gp/video/detail/B07KL3KSGZ
399,Shred: The Story of Asher Bradshaw,2013,https://www.amazon.com/gp/video/detail/B0884PM3VD
400,Shadow of Afghanistan,2006,https://www.amazon.com/gp/video/detail/B007EMBQDC
401,Doolittle's Raiders: A Final Toast,2014,https://www.amazon.com/gp/video/detail/B088STPVCR
402,Check Your Body at the Door,2012,https://www.amazon.com/gp/video/detail/B07F75HVZB
403,Ecuador: The Royal Tour,2016,https://www.amazon.com/gp/video/detail/B01FWUFUA2
