,title,year,netflix_url
0,Inception,2010,https://www.netflix.com/watch/70131314
1,The Matrix,1999,https://www.netflix.com/watch/20557937
2,Avengers: Infinity War,2018,https://www.netflix.com/watch/80219127
3,Back to the Future,1985,https://www.netflix.com/watch/60010110
4,"The Good, the Bad and the Ugly",1966,https://www.netflix.com/watch/553500
5,Spider-Man: Into the Spider-Verse,2018,https://www.netflix.com/watch/81002747
6,Django Unchained,2012,https://www.netflix.com/watch/70230640
7,The Pianist,2002,https://www.netflix.com/watch/60025061
8,Raiders of the Lost Ark,1981,https://www.netflix.com/watch/60011649
9,Inglourious Basterds,2009,https://www.netflix.com/watch/70108777
10,Taxi Driver,1976,https://www.netflix.com/watch/18907685
11,3 Idiots,2009,https://www.netflix.com/watch/70121522
12,Pan's Labyrinth,2006,https://www.netflix.com/watch/70050507
13,Room,2015,https://www.netflix.com/watch/80073823
14,Monty Python and the Holy Grail,1975,https://www.netflix.com/watch/771476
15,Groundhog Day,1993,https://www.netflix.com/watch/563104
16,Indiana Jones and the Last Crusade,1989,https://www.netflix.com/watch/60010487
17,The King's Speech,2010,https://www.netflix.com/watch/70135893
18,Her,2013,https://www.netflix.com/watch/70278933
19,There Will Be Blood,2007,https://www.netflix.com/watch/70075473
20,Dallas Buyers Club,2013,https://www.netflix.com/watch/70275751
21,The Perks of Being a Wallflower,2012,https://www.netflix.com/watch/70243461
22,Life of Brian,1979,https://www.netflix.com/watch/699257
23,Marriage Story,2019,https://www.netflix.com/watch/80223779
24,Dangal,2016,https://www.netflix.com/watch/80166185
25,Klaus,2019,https://www.netflix.com/watch/80183187
26,Like Stars on Earth,2007,https://www.netflix.com/watch/70087087
27,Sin City,2005,https://www.netflix.com/watch/70021630
28,Ip Man,2008,https://www.netflix.com/watch/70118799
29,The Pursuit of Happyness,2006,https://www.netflix.com/watch/70044605
30,Senna,2010,https://www.netflix.com/watch/70170051
31,Magnolia,1999,https://www.netflix.com/watch/60000440
32,A Silent Voice,2016,https://www.netflix.com/watch/80223226
33,Searching for Sugar Man,2012,https://www.netflix.com/watch/70229213
34,Blackfish,2013,https://www.netflix.com/watch/70267802
35,Song of the Sea,2014,https://www.netflix.com/watch/80015342
36,The Invisible Guest,2016,https://www.netflix.com/watch/80093106
37,Lagaan: Once Upon a Time in India,2001,https://www.netflix.com/watch/60020906
38,Bahubali: The Beginning,2015,https://www.netflix.com/watch/80204118
39,13th,2016,https://www.netflix.com/watch/80091741
40,The Dawn Wall,2018,https://www.netflix.com/watch/81004270
41,Baahubali 2: The Conclusion,2017,https://www.netflix.com/watch/80203996
42,PK,2014,https://www.netflix.com/watch/70303496
43,Zindagi Na Milegi Dobara,2011,https://www.netflix.com/watch/70202336
44,Neon Genesis Evangelion: The End of Evangelion,1997,https://www.netflix.com/watch/60024788
45,Barfi!,2012,https://www.netflix.com/watch/70219525
46,Bill Burr: I'm Sorry You Feel That Way,2014,https://www.netflix.com/watch/80004478
47,The Square,2013,https://www.netflix.com/watch/70268449
48,Swades,2004,https://www.netflix.com/watch/70019491
49,Haider,2014,https://www.netflix.com/watch/70303432
50,Virunga,2014,https://www.netflix.com/watch/80009431
51,Article 15,2019,https://www.netflix.com/watch/81154455
52,Hannah Gadsby: Nanette,2018,https://www.netflix.com/watch/80233611
53,Winter on Fire: Ukraine's Fight for Freedom,2015,https://www.netflix.com/watch/80031666
54,Bill Burr: Paper Tiger,2019,https://www.netflix.com/watch/81060174
55,Sairat,2016,https://www.netflix.com/watch/80124313
56,LA 92,2017,https://www.netflix.com/watch/80184131
57,Kal Ho Naa Ho,2003,https://www.netflix.com/watch/60036735
58,Chasing Coral,2017,https://www.netflix.com/watch/80168188
59,Richard Pryor: Live in Concert,1979,https://www.netflix.com/watch/907090
60,Rush: Beyond the Lighted Stage,2010,https://www.netflix.com/watch/70137744
61,The Battered Bastards of Baseball,2014,https://www.netflix.com/watch/70299904
62,Inequality for All,2013,https://www.netflix.com/watch/70267834
63,Dave Chappelle: Sticks & Stones,2019,https://www.netflix.com/watch/81140577
64,Springsteen On Broadway,2018,https://www.netflix.com/watch/80232329
65,Cuba and the Cameraman,2017,https://www.netflix.com/watch/80126449
66,Bobby Robson: More Than a Manager,2018,https://www.netflix.com/watch/81018536
67,A Wednesday!,2008,https://www.netflix.com/watch/70107499
68,No Direction Home: Bob Dylan,2005,https://www.netflix.com/watch/70177496
69,Harold and Lillian: A Hollywood Love Story,2017,https://www.netflix.com/watch/80147529
70,Pink,2016,https://www.netflix.com/watch/80144448
71,I Am Kalam,2010,https://www.netflix.com/watch/80236279
72,Rang De Basanti,2006,https://www.netflix.com/watch/70047320
73,Cowspiracy: The Sustainability Secret,2014,https://www.netflix.com/watch/80033772
74,Eddie Murphy: Delirious,1983,https://www.netflix.com/watch/70059700
75,Paan Singh Tomar,2012,https://www.netflix.com/watch/70123126
76,Dil Chahta Hai,2001,https://www.netflix.com/watch/60021525
77,Rainbow,2015,https://www.netflix.com/watch/80115686
78,G.O.R.A.,2004,https://www.netflix.com/watch/80038440
79,Andaz Apna Apna,1994,https://www.netflix.com/watch/20258084
80,Kahaani,2012,https://www.netflix.com/watch/70236020
81,Louis C.K.: Hilarious,2010,https://www.netflix.com/watch/70129452
82,John Mulaney: New in Town,2012,https://www.netflix.com/watch/70298251
83,Udaan,2010,https://www.netflix.com/watch/70139542
84,Khosla Ka Ghosla!,2006,https://www.netflix.com/watch/70056059
85,Mike Birbiglia: My Girlfriend's Boyfriend,2013,https://www.netflix.com/watch/70279934
86,Chupke Chupke,1975,https://www.netflix.com/watch/20255593
87,Hasan Minhaj: Homecoming King,2017,https://www.netflix.com/watch/80134781
88,Gol Maal,1979,https://www.netflix.com/watch/21028086
89,Vizontele,2001,https://www.netflix.com/watch/80038527
90,Bill Burr: You People Are All The Same,2012,https://www.netflix.com/watch/70245034
91,Taylor Swift: Reputation Stadium Tour,2018,https://www.netflix.com/watch/81026251
92,Dev.D,2009,https://www.netflix.com/watch/70113305
93,Waiting for the Hearse,1985,https://www.netflix.com/watch/70266171
94,Natsamrat,2016,https://www.netflix.com/watch/80998558
95,Bill Burr: Let It Go,2010,https://www.netflix.com/watch/70174733
96,A Secret Love,2020,https://www.netflix.com/watch/80209024
97,Bo Burnham: Make Happy,2016,https://www.netflix.com/watch/80106124
98,Jim Gaffigan: Beyond the Pale,2006,https://www.netflix.com/watch/70044256
99,Bo Burnham: What.,2013,https://www.netflix.com/watch/70295560
100,Struggle: The Life and Lost Art of Szukalski,2018,https://www.netflix.com/watch/80109551
101,Bill Hicks: Sane Man,1989,https://www.netflix.com/watch/70043231
102,Harishchandrachi Factory,2009,https://www.netflix.com/watch/70127589
103,Punjab 1984,2014,https://www.netflix.com/watch/80032364
104,Jim Jefferies: Bare,2014,https://www.netflix.com/watch/80002621
105,Bawarchi,1972,https://www.netflix.com/watch/60003405
106,A Plastic Ocean,2016,https://www.netflix.com/watch/80164032
107,Uppity: The Willy T. Ribbs Story,2020,https://www.netflix.com/watch/81232163
108,Bill Hicks: Relentless,1992,https://www.netflix.com/watch/70059483
109,Mission Blue,2014,https://www.netflix.com/watch/70308278
110,Angamaly Diaries,2017,https://www.netflix.com/watch/80182447
111,My Next Guest with David Letterman and Shah Rukh Khan,2019,https://www.netflix.com/watch/81121023
112,Eh Janam Tumhare Lekhe,2015,https://www.netflix.com/watch/80203792
113,Life in the Doghouse,2018,https://www.netflix.com/watch/81077795
114,Bill Hicks: Revelations,1993,https://www.netflix.com/watch/80108207
115,Attacking the Devil: Harold Evans and the Last Nazi War Crime,2014,https://www.netflix.com/watch/80104330
116,Jeff Dunham: Arguing with Myself,2006,https://www.netflix.com/watch/70045356
117,Merku Thodarchi Malai,2018,https://www.netflix.com/watch/81045060
118,Skydancers,2014,https://www.netflix.com/watch/80994807
119,The Trailer Park Boys Xmas Special,2004,https://www.netflix.com/watch/70143440
120,Dancing with the Birds,2019,https://www.netflix.com/watch/80186796
121,K. D.,2019,https://www.netflix.com/watch/81177366
122,Untamed Romania,2018,https://www.netflix.com/watch/81232423
123,Nazi Concentration Camps,1945,https://www.netflix.com/watch/80119192
124,Sudani from Nigeria,2018,https://www.netflix.com/watch/81013200
125,Thithi,2015,https://www.netflix.com/watch/80107370
126,Uyare,2019,https://www.netflix.com/watch/81147274
127,Luciano Mellera: Infantiloide,2018,https://www.netflix.com/watch/80192064
128,Shiva,1990,https://www.netflix.com/watch/70059284
129,Love Ni Bhavai,2017,https://www.netflix.com/watch/80990811
130,Sillu Karupatti,2019,https://www.netflix.com/watch/81218363
131,Sebastian Maniscalco: What's Wrong with People?,2012,https://www.netflix.com/watch/70229037
132,Armed to the Teeth,2018,https://www.netflix.com/watch/81123826
133,Monty Python: Parrot Sketch Not Included,1989,https://www.netflix.com/watch/80236574
134,Story of an Egg,2017,https://www.netflix.com/watch/80206827
135,Our Planet: Behind The Scenes,2019,https://www.netflix.com/watch/81082125
136,Dave Chappelle: Equanimity,2017,https://www.netflix.com/watch/80230402
137,Tim Minchin and the Heritage Orchestra: Live at the Royal Albert Hall,2011,https://www.netflix.com/watch/70298389
138,Muramba,2017,https://www.netflix.com/watch/80223049
139,Wrong Side Raju,2016,https://www.netflix.com/watch/80208413
140,Tikli and Laxmi Bomb,2017,https://www.netflix.com/watch/81002213
141,My Little Pony: Best Gift Ever,2018,https://www.netflix.com/watch/81018860
142,One Heart: The A.R. Rahman Concert Film,2017,https://www.netflix.com/watch/80216270
143,Gardeners of Eden,2015,https://www.netflix.com/watch/80052703
144,Shuddhi,2017,https://www.netflix.com/watch/80188777
145,Shonar Pahar,2018,https://www.netflix.com/watch/81071868
146,Tim Minchin: So F**king Rock Live,2008,https://www.netflix.com/watch/81045530
147,Bill Hicks: One Night Stand,1991,https://www.netflix.com/watch/81045989
148,We Are Moluccans,2014,https://www.netflix.com/watch/81016323
149,Hikaru Utada Laughter in the Dark Tour 2018,2019,https://www.netflix.com/watch/81092491
150,Birth Reborn,2013,https://www.netflix.com/watch/80995575
151,Roll with Me,2017,https://www.netflix.com/watch/81024500
152,The Gospel of Matthew,2014,https://www.netflix.com/watch/81035751
153,Beak & Brain,2013,https://www.netflix.com/watch/80135631
154,Beyond All Boundaries,2013,https://www.netflix.com/watch/80172938
155,Los ladrones viejos: Las leyendas del artegio,2007,https://www.netflix.com/watch/81170692
156,Manusangada,2018,https://www.netflix.com/watch/81063743
157,Ben Platt: Live from Radio City Music Hall,2020,https://www.netflix.com/watch/81157589
158,Kaakan,2015,https://www.netflix.com/watch/80238297
159,The Gospel of Mark,2015,https://www.netflix.com/watch/81035750
160,The Long Goodbye: The Kara Tippetts Story,2019,https://www.netflix.com/watch/81055402
161,"River, el Más Grande Siempre",2019,https://www.netflix.com/watch/80223153
162,El testigo: Caín y Abel,2018,https://www.netflix.com/watch/81130373
163,True: Happy Hearts Day,2019,https://www.netflix.com/watch/81035127
164,Beary Tales,2013,https://www.netflix.com/watch/80135586
165,Hombanna,2017,https://www.netflix.com/watch/80990816
166,Elles étaient en guerre (1914 - 1918),2014,https://www.netflix.com/watch/80230465
